-- phpMyAdmin SQL Dump
-- version 4.8.4
-- https://www.phpmyadmin.net/
--
-- Servidor: 127.0.0.1
-- Tiempo de generación: 20-06-2019 a las 22:23:58
-- Versión del servidor: 10.1.37-MariaDB
-- Versión de PHP: 5.6.40

SET SQL_MODE = "NO_AUTO_VALUE_ON_ZERO";
SET AUTOCOMMIT = 0;
START TRANSACTION;
SET time_zone = "+00:00";


/*!40101 SET @OLD_CHARACTER_SET_CLIENT=@@CHARACTER_SET_CLIENT */;
/*!40101 SET @OLD_CHARACTER_SET_RESULTS=@@CHARACTER_SET_RESULTS */;
/*!40101 SET @OLD_COLLATION_CONNECTION=@@COLLATION_CONNECTION */;
/*!40101 SET NAMES utf8mb4 */;

--
-- Base de datos: `pagos`
--

-- --------------------------------------------------------

--
-- Estructura de tabla para la tabla `accounts`
--
CREATE DATABASE IF NOT EXISTS pagos; 
USE pagps;
CREATE TABLE `accounts` (
  `id_accounts` int(11) NOT NULL,
  `name_accounts` varchar(400) NOT NULL COMMENT 'nombre de la cuenta ',
  `tipe_accounts` varchar(300) NOT NULL COMMENT 'tipo de cuenta',
  `num_accounts` varchar(300) NOT NULL COMMENT 'numero de cuenta',
  `name_bank_accounts` varchar(400) NOT NULL COMMENT 'nombre del banco',
  `ci_accounts` varchar(300) NOT NULL COMMENT 'cedula de la cuenta',
  `mail_accounts` varchar(300) NOT NULL COMMENT 'correo de la cuenta',
  `id_admin_accound` int(11) NOT NULL
) ENGINE=InnoDB DEFAULT CHARSET=latin1;

--
-- Volcado de datos para la tabla `accounts`
--

INSERT INTO `accounts` (`id_accounts`, `name_accounts`, `tipe_accounts`, `num_accounts`, `name_bank_accounts`, `ci_accounts`, `mail_accounts`, `id_admin_accound`) VALUES
(10, 'Jose Luis', 'Ahorro', '123456789101112', 'Banco Promerica', 'v-2000000', 'pruebados_14@gmail.com', 1),
(11, 'Krissia Orellana', 'Otro', '', 'Banco Agricola', '01201210220', 'prueba1994@gmail.com', 1),
(12, 'Luis Gomez', 'Corriente', '2342342132', 'Banco Scoshabank', '435345-4', 'framk@gmail.com', 1);

-- --------------------------------------------------------

--
-- Estructura de tabla para la tabla `administrador`
--

CREATE TABLE `administrador` (
  `id_administrador` int(11) NOT NULL,
  `nombre` varchar(300) NOT NULL,
  `apellido` varchar(300) NOT NULL,
  `correo` varchar(300) NOT NULL,
  `nivel` int(11) NOT NULL,
  `pw` varchar(300) NOT NULL
) ENGINE=InnoDB DEFAULT CHARSET=latin1;

--
-- Volcado de datos para la tabla `administrador`
--

INSERT INTO `administrador` (`id_administrador`, `nombre`, `apellido`, `correo`, `nivel`, `pw`) VALUES
(1, 'Franklin', 'Torres', 'franklintorres13620@gmail.com', 1, '123');

-- --------------------------------------------------------

--
-- Estructura de tabla para la tabla `car`
--

CREATE TABLE `car` (
  `id_car` int(11) NOT NULL,
  `id_service_car` int(11) NOT NULL COMMENT 'relacion con el servicio',
  `cantidacar` int(11) NOT NULL,
  `id_payment_id_car` int(11) NOT NULL,
  `costo_car` int(11) NOT NULL
) ENGINE=InnoDB DEFAULT CHARSET=latin1;

--
-- Volcado de datos para la tabla `car`
--

INSERT INTO `car` (`id_car`, `id_service_car`, `cantidacar`, `id_payment_id_car`, `costo_car`) VALUES
(25, 55, 1, 68, 590),
(26, 55, 1, 69, 590),
(27, 54, 1, 69, 1300),
(28, 55, 1, 70, 590),
(29, 58, 1, 71, 85),
(30, 54, 1, 72, 1300),
(33, 57, 1, 74, 120),
(34, 54, 1, 75, 1300);

-- --------------------------------------------------------

--
-- Estructura de tabla para la tabla `divisas`
--

CREATE TABLE `divisas` (
  `id_divisas` int(11) NOT NULL,
  `name_divisa` varchar(100) NOT NULL,
  `simbolo_divisa` varchar(100) NOT NULL
) ENGINE=InnoDB DEFAULT CHARSET=utf8;

--
-- Volcado de datos para la tabla `divisas`
--

INSERT INTO `divisas` (`id_divisas`, `name_divisa`, `simbolo_divisa`) VALUES
(1, 'dolar', '$'),
(2, 'euros', '€'),
(3, 'libra', '£');

-- --------------------------------------------------------

--
-- Estructura de tabla para la tabla `empresa`
--

CREATE TABLE `empresa` (
  `id_empresa` int(11) NOT NULL,
  `name_empresa` varchar(300) NOT NULL,
  `tel_empresa` varchar(300) NOT NULL,
  `rif_empresa` varchar(300) NOT NULL,
  `dir_empresa` varchar(300) NOT NULL,
  `id_admin_id_empresa` int(11) NOT NULL,
  `logo_empresa` varchar(1000) NOT NULL
) ENGINE=InnoDB DEFAULT CHARSET=latin1;

--
-- Volcado de datos para la tabla `empresa`
--

INSERT INTO `empresa` (`id_empresa`, `name_empresa`, `tel_empresa`, `rif_empresa`, `dir_empresa`, `id_admin_id_empresa`, `logo_empresa`) VALUES
(1, 'Daws', '70145017', 'j-21545412-0', 'San Miguel', 1, 'logoc3.png');

-- --------------------------------------------------------

--
-- Estructura de tabla para la tabla `ingresos`
--

CREATE TABLE `ingresos` (
  `id_ingreso` int(11) NOT NULL,
  `id_service_id_ingreso` int(11) NOT NULL,
  `fecha_ingreso` datetime NOT NULL,
  `id_proveedor_id_ingreso` int(11) NOT NULL,
  `cantida_movimiento` int(11) NOT NULL,
  `motivo` varchar(500) NOT NULL
) ENGINE=InnoDB DEFAULT CHARSET=utf8;

--
-- Volcado de datos para la tabla `ingresos`
--

INSERT INTO `ingresos` (`id_ingreso`, `id_service_id_ingreso`, `fecha_ingreso`, `id_proveedor_id_ingreso`, `cantida_movimiento`, `motivo`) VALUES
(41, 56, '2019-05-28 03:06:00', 1, 20, 'No pago a tiempo'),
(42, 57, '2019-06-11 04:06:00', 1, 90, 'Es un dispositivo nuevo que se necesita vender'),
(43, 58, '2019-06-08 02:03:00', 1, 50, 'Se necesita vender este telefono'),
(44, 59, '2019-06-09 01:03:00', 1, 90, 'Estesqwdkwefwe'),
(45, 61, '2019-06-12 06:08:00', 2, 700, 'Este es iphone 7'),
(46, 62, '2019-06-12 03:03:00', 2, 10, 'Este iphone 5'),
(47, 63, '2019-06-19 03:08:00', 4, 15, 'Este es pixi4.5\r\n');

-- --------------------------------------------------------

--
-- Estructura de tabla para la tabla `movimientosaldo`
--

CREATE TABLE `movimientosaldo` (
  `id_msaldo` int(11) NOT NULL,
  `id_msaldo_id_saldo` int(11) NOT NULL,
  `cantida_msaldo` int(11) NOT NULL,
  `fecha_msaldo` datetime NOT NULL,
  `motivo_msaldo` varchar(500) NOT NULL,
  `movimiento_emisor` int(11) DEFAULT NULL,
  `tipo_mmovimiento` varchar(100) NOT NULL COMMENT 'tipo de movimiento'
) ENGINE=InnoDB DEFAULT CHARSET=utf8;

--
-- Volcado de datos para la tabla `movimientosaldo`
--

INSERT INTO `movimientosaldo` (`id_msaldo`, `id_msaldo_id_saldo`, `cantida_msaldo`, `fecha_msaldo`, `motivo_msaldo`, `movimiento_emisor`, `tipo_mmovimiento`) VALUES
(2, 1, 10000, '2019-06-12 18:04:00', 'Prueba salida de dinero', 0, 'salida'),
(4, 1, 1000, '2019-06-13 02:06:50', 'Segunda Prueba', 0, 'entrada'),
(5, 0, 2000, '2019-06-12 02:02:00', 'Prueba entrada de dinero dashboard\r\n', 0, 'entrada'),
(6, 1, 20000, '2019-06-12 06:08:00', 'prueba grande', 0, 'entrada'),
(7, 1, 300, '2019-06-13 05:04:00', 'prueba mas', 0, 'salida'),
(8, 0, 5055, '2019-06-13 02:05:00', 'Prueba++', 0, 'entrada'),
(10, 1, 2000, '2019-06-12 03:06:00', 'Prueba amsss', 0, 'salida'),
(11, 1, 200, '2019-06-14 06:04:00', 'pppefwef', 0, 'entrada');

-- --------------------------------------------------------

--
-- Estructura de tabla para la tabla `payments`
--

CREATE TABLE `payments` (
  `id_payments` int(11) NOT NULL COMMENT 'id de tabla de pagos ',
  `state_payment` varchar(300) NOT NULL COMMENT 'estado del pago si vensido o n proceso y pagado ',
  `date_payment` datetime NOT NULL COMMENT 'fecha de pago ',
  `id_user_id_payments` int(11) NOT NULL COMMENT 'relacion con el usuario que pago o que se esta procesando ',
  `id_accounts_id_payments` int(11) NOT NULL COMMENT 'relacion con bancos',
  `date_pago` datetime NOT NULL COMMENT 'fecha de registro de pago'
) ENGINE=InnoDB DEFAULT CHARSET=latin1;

--
-- Volcado de datos para la tabla `payments`
--

INSERT INTO `payments` (`id_payments`, `state_payment`, `date_payment`, `id_user_id_payments`, `id_accounts_id_payments`, `date_pago`) VALUES
(68, 'aceptado', '2019-05-29 01:05:51', 9, 10, '2019-05-29 01:05:58'),
(69, 'aceptado', '2019-06-08 22:06:40', 8, 11, '2019-06-08 22:06:45'),
(70, 'aceptado', '2019-06-08 23:06:58', 9, 12, '2019-06-08 23:06:40'),
(71, 'aceptado', '2019-06-09 01:06:34', 9, 12, '2019-06-09 01:06:56'),
(72, 'aceptado', '2019-06-09 01:06:01', 9, 10, '2019-06-13 05:06:18'),
(74, 'proceso', '2019-06-13 05:06:33', 9, 10, '2019-06-20 22:06:32'),
(75, 'pendiente', '2019-06-15 00:06:51', 9, 4, '0000-00-00 00:00:00');

-- --------------------------------------------------------

--
-- Estructura de tabla para la tabla `proveedor`
--

CREATE TABLE `proveedor` (
  `id_proveedor` int(11) NOT NULL,
  `nombre_proveedor` varchar(500) NOT NULL,
  `telefono_proveedor` varchar(200) NOT NULL,
  `correo` varchar(200) NOT NULL
) ENGINE=InnoDB DEFAULT CHARSET=utf8;

--
-- Volcado de datos para la tabla `proveedor`
--

INSERT INTO `proveedor` (`id_proveedor`, `nombre_proveedor`, `telefono_proveedor`, `correo`) VALUES
(1, 'Samsung', '0426-1454751', 'samsung@popotas.com'),
(2, 'Apple ', '5033-234543', 'Apple@apple.com'),
(3, 'Huawei', '70145017', 'huawei@Huawei.com'),
(4, 'Google', '3270145017', 'google@google.com');

-- --------------------------------------------------------

--
-- Estructura de tabla para la tabla `saldo`
--

CREATE TABLE `saldo` (
  `id_saldo` int(11) NOT NULL,
  `cantida_saldo` int(11) NOT NULL,
  `id_saldo_id_accounts` int(11) NOT NULL,
  `id_divisa_id_saldo` int(11) NOT NULL
) ENGINE=InnoDB DEFAULT CHARSET=utf8;

--
-- Volcado de datos para la tabla `saldo`
--

INSERT INTO `saldo` (`id_saldo`, `cantida_saldo`, `id_saldo_id_accounts`, `id_divisa_id_saldo`) VALUES
(1, 58918, 10, 1),
(2, 190, 10, 2),
(3, 25, 11, 3),
(4, 5, 11, 2),
(5, 2000, 11, 1),
(6, 10110, 12, 1);

-- --------------------------------------------------------

--
-- Estructura de tabla para la tabla `salida`
--

CREATE TABLE `salida` (
  `id_salida` int(11) NOT NULL,
  `id_service_id_salida` int(11) NOT NULL,
  `fecha_salida` datetime NOT NULL,
  `id_user_id_salida` int(11) NOT NULL COMMENT 'id de usuarios en caso de que haya sido una venta ',
  `cantida_salida` int(11) NOT NULL,
  `motivo_salida` varchar(100) NOT NULL
) ENGINE=InnoDB DEFAULT CHARSET=utf8;

--
-- Volcado de datos para la tabla `salida`
--

INSERT INTO `salida` (`id_salida`, `id_service_id_salida`, `fecha_salida`, `id_user_id_salida`, `cantida_salida`, `motivo_salida`) VALUES
(2, 54, '2019-06-13 02:02:00', 8, 1, 'qwdqrdrd');

-- --------------------------------------------------------

--
-- Estructura de tabla para la tabla `service`
--

CREATE TABLE `service` (
  `id_service` int(11) NOT NULL,
  `name_service` varchar(300) NOT NULL COMMENT 'nombre del servicio',
  `price_service` bigint(20) NOT NULL COMMENT 'precio del servicio',
  `date_ven_service` datetime NOT NULL COMMENT 'fecha de vencimiento del servicio',
  `info_service` varchar(500) NOT NULL COMMENT 'informacion adicional del servicio',
  `cantida` int(11) NOT NULL COMMENT 'cantida de productos',
  `date_registro_pro` datetime NOT NULL COMMENT 'fecha de registro del producto ',
  `tipo_producto` varchar(100) NOT NULL COMMENT 'tipo de producto  si es servicio o producto',
  `imagen` varchar(1000) NOT NULL COMMENT 'imagen principal del producto',
  `costo` int(11) NOT NULL COMMENT 'costo del producto o servicio',
  `state_service` int(11) NOT NULL COMMENT 'estado del servicio si es producto o entrada de  dinero'
) ENGINE=InnoDB DEFAULT CHARSET=latin1;

--
-- Volcado de datos para la tabla `service`
--

INSERT INTO `service` (`id_service`, `name_service`, `price_service`, `date_ven_service`, `info_service`, `cantida`, `date_registro_pro`, `tipo_producto`, `imagen`, `costo`, `state_service`) VALUES
(54, 'Telefono Samsung', 1300, '0000-00-00 00:00:00', 'Prueba este es telefono samsung', 2, '2017-10-22 00:10:50', 'servicio ', 'producto_TelefonoSamsungiphone5.jpg', 1200, 0),
(55, 'iPhone X', 590, '0000-00-00 00:00:00', 'Servio Prueba iPhone', 5, '2019-05-28 17:05:31', 'Telefono', 'producto_iphone.jpgiPhoneX', 1000, 0),
(56, 'Huawei P20', 890, '0000-00-00 00:00:00', 'Este es un Huawei P20', 70, '2019-05-29 01:05:01', 'Telefono', 'producto_HuaweiP20P20.jpg', 20, 0),
(57, 'Pixi 4 ', 120, '0000-00-00 00:00:00', 'Este es un telefono Pixi', 90, '2019-06-08 22:06:29', 'Telefono', 'producto_Telefono-alcatel-pixi-4-blanco.jpgPixi4', 22, 0),
(58, 'Samsung J1', 85, '0000-00-00 00:00:00', 'Este es j1', 50, '2019-06-09 01:06:54', 'Telefono', 'producto_galaxy-j1.jpgSamsungJ1', 0, 0),
(59, 'Samsung J3', 120, '0000-00-00 00:00:00', 'Este es un telefono J3', 90, '2019-06-09 15:06:29', 'Telefono', 'producto_SamsungJ3j3.jpg', 0, 0),
(61, 'iphone 7', 800, '0000-00-00 00:00:00', 'Este es un iphone 7', 700, '2019-06-13 05:06:39', 'Telefono', 'producto_iphone7.jpgiphone7', 8, 0),
(62, 'iphone 5', 350, '0000-00-00 00:00:00', 'Este es un iphone 5', 10, '2019-06-13 05:06:21', 'Telefono', 'producto_iphone5.jpgiphone5', 300, 0),
(63, 'Pixi 4.5', 120, '0000-00-00 00:00:00', 'YTelefono pixxi', 15, '2019-06-20 22:06:25', 'Telefono', 'producto_pixi-4.pngPixi4.5', 0, 0);

-- --------------------------------------------------------

--
-- Estructura de tabla para la tabla `user`
--

CREATE TABLE `user` (
  `id_user` int(11) NOT NULL,
  `name_user` varchar(300) NOT NULL,
  `last_name_user` varchar(300) NOT NULL,
  `mail_user` varchar(300) NOT NULL,
  `phone_user` int(11) NOT NULL,
  `ci_user` varchar(300) NOT NULL,
  `pw_user` varchar(300) NOT NULL,
  `direccion` varchar(1000) NOT NULL,
  `id_admin_id_user` int(11) NOT NULL
) ENGINE=InnoDB DEFAULT CHARSET=latin1;

--
-- Volcado de datos para la tabla `user`
--

INSERT INTO `user` (`id_user`, `name_user`, `last_name_user`, `mail_user`, `phone_user`, `ci_user`, `pw_user`, `direccion`, `id_admin_id_user`) VALUES
(8, 'Yovany', 'Torres', 'torres13620@gmail.com', 424762061, '23134135', '072517ugb', 'Jocoro, El Salvador', 1),
(9, 'Krissia ', 'Orellana', 'geovanytorres13620@gmail.com', 70145599, '056968662', '1234', 'Jocoro', 1);

--
-- Índices para tablas volcadas
--

--
-- Indices de la tabla `accounts`
--
ALTER TABLE `accounts`
  ADD PRIMARY KEY (`id_accounts`),
  ADD KEY `id_admin_accound` (`id_admin_accound`);

--
-- Indices de la tabla `administrador`
--
ALTER TABLE `administrador`
  ADD PRIMARY KEY (`id_administrador`);

--
-- Indices de la tabla `car`
--
ALTER TABLE `car`
  ADD PRIMARY KEY (`id_car`),
  ADD KEY `id_service_car` (`id_service_car`),
  ADD KEY `codigo_fac` (`id_payment_id_car`);

--
-- Indices de la tabla `divisas`
--
ALTER TABLE `divisas`
  ADD PRIMARY KEY (`id_divisas`);

--
-- Indices de la tabla `empresa`
--
ALTER TABLE `empresa`
  ADD PRIMARY KEY (`id_empresa`),
  ADD KEY `id_admin_id_empresa` (`id_admin_id_empresa`);

--
-- Indices de la tabla `ingresos`
--
ALTER TABLE `ingresos`
  ADD PRIMARY KEY (`id_ingreso`),
  ADD UNIQUE KEY `fecha_ingreso` (`fecha_ingreso`),
  ADD KEY `id_proveedor_id_ingreso` (`id_proveedor_id_ingreso`),
  ADD KEY `id_service_id_ingreso` (`id_service_id_ingreso`);

--
-- Indices de la tabla `movimientosaldo`
--
ALTER TABLE `movimientosaldo`
  ADD PRIMARY KEY (`id_msaldo`),
  ADD UNIQUE KEY `fecha_msaldo` (`fecha_msaldo`);

--
-- Indices de la tabla `payments`
--
ALTER TABLE `payments`
  ADD PRIMARY KEY (`id_payments`),
  ADD KEY `id_user_id_payments` (`id_user_id_payments`);

--
-- Indices de la tabla `proveedor`
--
ALTER TABLE `proveedor`
  ADD PRIMARY KEY (`id_proveedor`);

--
-- Indices de la tabla `saldo`
--
ALTER TABLE `saldo`
  ADD PRIMARY KEY (`id_saldo`);

--
-- Indices de la tabla `salida`
--
ALTER TABLE `salida`
  ADD PRIMARY KEY (`id_salida`),
  ADD KEY `id_user_id_salida` (`id_user_id_salida`),
  ADD KEY `id_service_id_salida` (`id_service_id_salida`);

--
-- Indices de la tabla `service`
--
ALTER TABLE `service`
  ADD PRIMARY KEY (`id_service`),
  ADD UNIQUE KEY `name_service` (`name_service`);

--
-- Indices de la tabla `user`
--
ALTER TABLE `user`
  ADD PRIMARY KEY (`id_user`),
  ADD KEY `id_admin_id_user` (`id_admin_id_user`);

--
-- AUTO_INCREMENT de las tablas volcadas
--

--
-- AUTO_INCREMENT de la tabla `accounts`
--
ALTER TABLE `accounts`
  MODIFY `id_accounts` int(11) NOT NULL AUTO_INCREMENT, AUTO_INCREMENT=13;

--
-- AUTO_INCREMENT de la tabla `administrador`
--
ALTER TABLE `administrador`
  MODIFY `id_administrador` int(11) NOT NULL AUTO_INCREMENT, AUTO_INCREMENT=2;

--
-- AUTO_INCREMENT de la tabla `car`
--
ALTER TABLE `car`
  MODIFY `id_car` int(11) NOT NULL AUTO_INCREMENT, AUTO_INCREMENT=35;

--
-- AUTO_INCREMENT de la tabla `divisas`
--
ALTER TABLE `divisas`
  MODIFY `id_divisas` int(11) NOT NULL AUTO_INCREMENT, AUTO_INCREMENT=4;

--
-- AUTO_INCREMENT de la tabla `empresa`
--
ALTER TABLE `empresa`
  MODIFY `id_empresa` int(11) NOT NULL AUTO_INCREMENT, AUTO_INCREMENT=2;

--
-- AUTO_INCREMENT de la tabla `ingresos`
--
ALTER TABLE `ingresos`
  MODIFY `id_ingreso` int(11) NOT NULL AUTO_INCREMENT, AUTO_INCREMENT=48;

--
-- AUTO_INCREMENT de la tabla `movimientosaldo`
--
ALTER TABLE `movimientosaldo`
  MODIFY `id_msaldo` int(11) NOT NULL AUTO_INCREMENT, AUTO_INCREMENT=12;

--
-- AUTO_INCREMENT de la tabla `payments`
--
ALTER TABLE `payments`
  MODIFY `id_payments` int(11) NOT NULL AUTO_INCREMENT COMMENT 'id de tabla de pagos ', AUTO_INCREMENT=76;

--
-- AUTO_INCREMENT de la tabla `proveedor`
--
ALTER TABLE `proveedor`
  MODIFY `id_proveedor` int(11) NOT NULL AUTO_INCREMENT, AUTO_INCREMENT=5;

--
-- AUTO_INCREMENT de la tabla `saldo`
--
ALTER TABLE `saldo`
  MODIFY `id_saldo` int(11) NOT NULL AUTO_INCREMENT, AUTO_INCREMENT=7;

--
-- AUTO_INCREMENT de la tabla `salida`
--
ALTER TABLE `salida`
  MODIFY `id_salida` int(11) NOT NULL AUTO_INCREMENT, AUTO_INCREMENT=3;

--
-- AUTO_INCREMENT de la tabla `service`
--
ALTER TABLE `service`
  MODIFY `id_service` int(11) NOT NULL AUTO_INCREMENT, AUTO_INCREMENT=64;

--
-- AUTO_INCREMENT de la tabla `user`
--
ALTER TABLE `user`
  MODIFY `id_user` int(11) NOT NULL AUTO_INCREMENT, AUTO_INCREMENT=10;

--
-- Restricciones para tablas volcadas
--

--
-- Filtros para la tabla `accounts`
--
ALTER TABLE `accounts`
  ADD CONSTRAINT `accounts_ibfk_1` FOREIGN KEY (`id_admin_accound`) REFERENCES `administrador` (`id_administrador`);

--
-- Filtros para la tabla `car`
--
ALTER TABLE `car`
  ADD CONSTRAINT `car_ibfk_1` FOREIGN KEY (`id_service_car`) REFERENCES `service` (`id_service`),
  ADD CONSTRAINT `car_ibfk_2` FOREIGN KEY (`id_payment_id_car`) REFERENCES `payments` (`id_payments`);

--
-- Filtros para la tabla `empresa`
--
ALTER TABLE `empresa`
  ADD CONSTRAINT `empresa_ibfk_1` FOREIGN KEY (`id_admin_id_empresa`) REFERENCES `administrador` (`id_administrador`);

--
-- Filtros para la tabla `ingresos`
--
ALTER TABLE `ingresos`
  ADD CONSTRAINT `ingresos_ibfk_1` FOREIGN KEY (`id_proveedor_id_ingreso`) REFERENCES `proveedor` (`id_proveedor`),
  ADD CONSTRAINT `ingresos_ibfk_2` FOREIGN KEY (`id_service_id_ingreso`) REFERENCES `service` (`id_service`);

--
-- Filtros para la tabla `salida`
--
ALTER TABLE `salida`
  ADD CONSTRAINT `salida_ibfk_1` FOREIGN KEY (`id_service_id_salida`) REFERENCES `service` (`id_service`),
  ADD CONSTRAINT `salida_ibfk_2` FOREIGN KEY (`id_user_id_salida`) REFERENCES `user` (`id_user`);
COMMIT;

/*!40101 SET CHARACTER_SET_CLIENT=@OLD_CHARACTER_SET_CLIENT */;
/*!40101 SET CHARACTER_SET_RESULTS=@OLD_CHARACTER_SET_RESULTS */;
/*!40101 SET COLLATION_CONNECTION=@OLD_COLLATION_CONNECTION */;
